iter	MultiClass
0	9.647790489
1	9.489311455
